prompt_name,idx,actual,predicted,explanation,json_valid,raw
Prompt_1_FewShot,0,4,4.0,"Positive tone, praise for food, cocktails, service, and atmosphere; only minor drawback is late-night emptiness, but overall strong endorsement and intent to return implied",True,"{""predicted_stars"": 4, ""explanation"": ""Positive tone, praise for food, cocktails, service, and atmosphere; only minor drawback is late-night emptiness, but overall strong endorsement and intent to return implied""}"
Prompt_1_FewShot,1,5,5.0,"High praise from a regional expert, superlative 'best she's had outside of Louisiana' implies exceptional quality",True,"{""predicted_stars"": 5, ""explanation"": ""High praise from a regional expert, superlative 'best she's had outside of Louisiana' implies exceptional quality""}"
Prompt_1_FewShot,2,3,4.0,"Positive recurring visits, praise for food and drink, minor downgrade for 'typical strip mall' setting",True,"{""predicted_stars"": 4, ""explanation"": ""Positive recurring visits, praise for food and drink, minor downgrade for 'typical strip mall' setting""}"
Prompt_1_FewShot,3,1,1.0,"Extreme dissatisfaction, accusations of dishonesty or incompetence, explicit decision to abandon the brand, use of capitalized words for emphasis",True,"{""predicted_stars"": 1, ""explanation"": ""Extreme dissatisfaction, accusations of dishonesty or incompetence, explicit decision to abandon the brand, use of capitalized words for emphasis""}"
Prompt_1_FewShot,4,5,5.0,"Enthusiastic praise ('Love this place!'), repeat visits, specific dish compliment ('amazing'), and explicit recommendation ('Must try!')",True,"{""predicted_stars"": 5, ""explanation"": ""Enthusiastic praise ('Love this place!'), repeat visits, specific dish compliment ('amazing'), and explicit recommendation ('Must try!')""}"
Prompt_1_FewShot,5,4,4.0,"Overall positive tone, lists several pros (location value, free parking, cleanliness, spacious rooms, free breakfast), only minor cons (7-block walk, slight neighbor noise), explicit willingness to return",True,"{""predicted_stars"": 4, ""explanation"": ""Overall positive tone, lists several pros (location value, free parking, cleanliness, spacious rooms, free breakfast), only minor cons (7-block walk, slight neighbor noise), explicit willingness to return""}"
Prompt_1_FewShot,6,4,4.0,"Strong praise for food quality, late-night availability, and value; only minor service inconsistency mentioned without major complaint",True,"{""predicted_stars"": 4, ""explanation"": ""Strong praise for food quality, late-night availability, and value; only minor service inconsistency mentioned without major complaint""}"
Prompt_1_FewShot,7,4,5.0,"Enthusiastic praise with superlatives ('awesome', 'awesomer') and multiple exclamation marks indicating strong positive sentiment",True,"{""predicted_stars"": 5, ""explanation"": ""Enthusiastic praise with superlatives ('awesome', 'awesomer') and multiple exclamation marks indicating strong positive sentiment""}"
Prompt_1_FewShot,8,5,5.0,"Enthusiastic praise ('favorite places', 'awesome', 'very generous portions'), positive descriptors for both food and atmosphere, intent to frequent",True,"{""predicted_stars"": 5, ""explanation"": ""Enthusiastic praise ('favorite places', 'awesome', 'very generous portions'), positive descriptors for both food and atmosphere, intent to frequent""}"
Prompt_1_FewShot,9,1,1.0,"Explicit 1-star rating given, repeated complaint about skimpy portions, disappointment after giving second chance, explicit statement of not returning",True,"{""predicted_stars"": 1, ""explanation"": ""Explicit 1-star rating given, repeated complaint about skimpy portions, disappointment after giving second chance, explicit statement of not returning""}"
Prompt_1_FewShot,10,4,4.0,"Positive tone, praise for handling large group, specific dish compliments, and value appreciation, but lacks the superlatives and enthusiasm typical of 5-star reviews",True,"{""predicted_stars"": 4, ""explanation"": ""Positive tone, praise for handling large group, specific dish compliments, and value appreciation, but lacks the superlatives and enthusiasm typical of 5-star reviews""}"
Prompt_1_FewShot,11,5,5.0,"Repeated enthusiastic praise ('great' used multiple times), positive comments on staff, atmosphere, prices, and overall experience, explicit recommendation implied",True,"{""predicted_stars"": 5, ""explanation"": ""Repeated enthusiastic praise ('great' used multiple times), positive comments on staff, atmosphere, prices, and overall experience, explicit recommendation implied""}"
Prompt_1_FewShot,12,3,5.0,"Enthusiastic exclamation referencing a premium brand, implying strong satisfaction without any negative comments",True,"{""predicted_stars"": 5, ""explanation"": ""Enthusiastic exclamation referencing a premium brand, implying strong satisfaction without any negative comments""}"
Prompt_1_FewShot,13,4,4.0,"Overall positive tone with detailed praise for selection, hours, prices, and convenience; only minor complaint about deli service, still recommends the store",True,"{""predicted_stars"": 4, ""explanation"": ""Overall positive tone with detailed praise for selection, hours, prices, and convenience; only minor complaint about deli service, still recommends the store""}"
Prompt_1_FewShot,14,5,5.0,"Glowing praise for exceptional, above-and-beyond service, explicit gratitude, and intent to keep referring",True,"{""predicted_stars"": 5, ""explanation"": ""Glowing praise for exceptional, above-and-beyond service, explicit gratitude, and intent to keep referring""}"
Prompt_1_FewShot,15,2,3.0,"Mixed sentiment—burger described as 'good' but 'not great,' sides and drinks called 'average' and 'overpriced,' overall tone lukewarm with no strong praise or major complaints",True,"{""predicted_stars"": 3, ""explanation"": ""Mixed sentiment—burger described as 'good' but 'not great,' sides and drinks called 'average' and 'overpriced,' overall tone lukewarm with no strong praise or major complaints""}"
Prompt_1_FewShot,16,4,2.0,"Overall tone is negative—feels uncomfortable, criticizes the registry department as small, points out an error, and explicitly says she was 'not so impressed.' While she concedes the quality is 'pretty amazing,' the dissatisfaction with the experience outweighs the mild praise.",True,"{""predicted_stars"": 2, ""explanation"": ""Overall tone is negative—feels uncomfortable, criticizes the registry department as small, points out an error, and explicitly says she was 'not so impressed.' While she concedes the quality is 'pretty amazing,' the dissatisfaction with the experience outweighs the mild praise.""}"
Prompt_1_FewShot,17,4,4.0,"Positive tone, helpful tip for calorie-conscious diners, no complaints mentioned",True,"{""predicted_stars"": 4, ""explanation"": ""Positive tone, helpful tip for calorie-conscious diners, no complaints mentioned""}"
Prompt_1_FewShot,18,5,5.0,"Enthusiastic praise with exclamation marks, specific positive mentions of both pizza and appetizer, no complaints",True,"{""predicted_stars"": 5, ""explanation"": ""Enthusiastic praise with exclamation marks, specific positive mentions of both pizza and appetizer, no complaints""}"
Prompt_1_FewShot,19,5,4.0,"Overall positive tone with praise for convenience and speed, minor criticism of limited airline and snack options but framed humorously rather than as major complaints",True,"{""predicted_stars"": 4, ""explanation"": ""Overall positive tone with praise for convenience and speed, minor criticism of limited airline and snack options but framed humorously rather than as major complaints""}"
Prompt_1_FewShot,20,5,4.0,"Strong positive sentiment about food quality ('fantastic burger'), appreciation for improvement ('less salty fries'), and enthusiasm for returning. Minor criticisms about packaging and drink sizes prevent a perfect score.",True,"{""predicted_stars"": 4, ""explanation"": ""Strong positive sentiment about food quality ('fantastic burger'), appreciation for improvement ('less salty fries'), and enthusiasm for returning. Minor criticisms about packaging and drink sizes prevent a perfect score.""}"
Prompt_1_FewShot,21,5,5.0,"Consistently positive language ('really great', 'fantastic value', 'a gem'), repeated praise for food quality and value, intent to return implied by 20 visits, explicit recommendation despite minor ambiance drawbacks",True,"{""predicted_stars"": 5, ""explanation"": ""Consistently positive language ('really great', 'fantastic value', 'a gem'), repeated praise for food quality and value, intent to return implied by 20 visits, explicit recommendation despite minor ambiance drawbacks""}"
Prompt_1_FewShot,22,1,1.0,"Multiple serious complaints: rude staff, hidden/overpriced fees, uncomfortable heat, broken equipment, and explicit statement of not returning",True,"{""predicted_stars"": 1, ""explanation"": ""Multiple serious complaints: rude staff, hidden/overpriced fees, uncomfortable heat, broken equipment, and explicit statement of not returning""}"
Prompt_1_FewShot,23,4,4.0,"Multiple positives: helpful staff, friendly bell staff, clean updated room, good banquet food, excellent breakfast, fantastic pool. Minor negatives: room noise, some salty dishes, 'good not great' food. Overall strong praise outweighs small issues.",True,"{""predicted_stars"": 4, ""explanation"": ""Multiple positives: helpful staff, friendly bell staff, clean updated room, good banquet food, excellent breakfast, fantastic pool. Minor negatives: room noise, some salty dishes, 'good not great' food. Overall strong praise outweighs small issues.""}"
Prompt_1_FewShot,24,4,5.0,"Enthusiastic praise throughout, repeated mentions of freshness and quality, intent to return, gratitude expressed",True,"{""predicted_stars"": 5, ""explanation"": ""Enthusiastic praise throughout, repeated mentions of freshness and quality, intent to return, gratitude expressed""}"
Prompt_1_FewShot,25,4,4.0,"Positive tone, praise for food quality ('perfectly cooked pork', 'refreshing horchata'), satisfaction with meal, and value mention ('without breaking your wallet'), but lacks the superlative enthusiasm typical of 5-star reviews",True,"{""predicted_stars"": 4, ""explanation"": ""Positive tone, praise for food quality ('perfectly cooked pork', 'refreshing horchata'), satisfaction with meal, and value mention ('without breaking your wallet'), but lacks the superlative enthusiasm typical of 5-star reviews""}"
Prompt_1_FewShot,26,1,2.0,"Single complaint about high prices, no positive remarks, implies dissatisfaction",True,"{""predicted_stars"": 2, ""explanation"": ""Single complaint about high prices, no positive remarks, implies dissatisfaction""}"
Prompt_1_FewShot,27,4,4.0,"Overall positive tone, repeated visits, praise for value (2 meals for $13.99), food quality ('very good'), and service, with only minor pricing quibbles on drinks",True,"{""predicted_stars"": 4, ""explanation"": ""Overall positive tone, repeated visits, praise for value (2 meals for $13.99), food quality ('very good'), and service, with only minor pricing quibbles on drinks""}"
Prompt_1_FewShot,28,2,2.0,"Multiple negatives (equipment broken, odd staff, high prices) outweigh minor positives (short lines, nice garden), capped by dismissive 'Meh'",True,"{""predicted_stars"": 2, ""explanation"": ""Multiple negatives (equipment broken, odd staff, high prices) outweigh minor positives (short lines, nice garden), capped by dismissive 'Meh'""}"
Prompt_1_FewShot,29,2,2.0,"Overwhelmingly negative service experience with detailed timeline of failures, only minor praise for one dish, explicit statement of not returning",True,"{""predicted_stars"": 2, ""explanation"": ""Overwhelmingly negative service experience with detailed timeline of failures, only minor praise for one dish, explicit statement of not returning""}"
Prompt_1_FewShot,30,1,1.0,"Multiple specific food complaints (bland, tasteless, dry, clumpy), explicit declaration of not returning, strong negative closing statement",True,"{""predicted_stars"": 1, ""explanation"": ""Multiple specific food complaints (bland, tasteless, dry, clumpy), explicit declaration of not returning, strong negative closing statement""}"
Prompt_1_FewShot,31,1,2.0,"Frustrated tone, multiple usability issues, no praise for the station, overall negative experience despite mild curiosity",True,"{""predicted_stars"": 2, ""explanation"": ""Frustrated tone, multiple usability issues, no praise for the station, overall negative experience despite mild curiosity""}"
Prompt_1_FewShot,32,3,,,False,Max retries exceeded
Prompt_1_FewShot,33,4,4.0,"Overwhelmingly positive tone with vivid praise for breakfast items, nostalgic affection, and enthusiastic recommendation, tempered only by minor quips about prices and clientele, placing it solidly above average but short of perfect.",True,"{""predicted_stars"": 4, ""explanation"": ""Overwhelmingly positive tone with vivid praise for breakfast items, nostalgic affection, and enthusiastic recommendation, tempered only by minor quips about prices and clientele, placing it solidly above average but short of perfect.""}"
Prompt_1_FewShot,34,5,5.0,"Glowing praise for cleanliness, efficiency, friendly staff, fresh food, and pride in work; explicit intent to return and positive comparison to other locations",True,"{""predicted_stars"": 5, ""explanation"": ""Glowing praise for cleanliness, efficiency, friendly staff, fresh food, and pride in work; explicit intent to return and positive comparison to other locations""}"
Prompt_1_FewShot,35,5,,,False,Max retries exceeded
Prompt_1_FewShot,36,5,,,False,Max retries exceeded
Prompt_1_FewShot,37,5,,,False,Max retries exceeded
Prompt_1_FewShot,38,4,,,False,Max retries exceeded
Prompt_1_FewShot,39,2,1.0,Strong dissatisfaction expressed through monetary waste and 'never again',True,"{""predicted_stars"": 1, ""explanation"": ""Strong dissatisfaction expressed through monetary waste and 'never again'""}"
Prompt_1_FewShot,40,3,,,False,Max retries exceeded
Prompt_1_FewShot,41,1,,,False,Max retries exceeded
Prompt_1_FewShot,42,1,,,False,Max retries exceeded
Prompt_1_FewShot,43,3,,,False,Max retries exceeded
Prompt_1_FewShot,44,4,,,False,Max retries exceeded
Prompt_1_FewShot,45,4,,,False,Max retries exceeded
Prompt_1_FewShot,46,4,,,False,Max retries exceeded
Prompt_1_FewShot,47,5,,,False,Max retries exceeded
Prompt_1_FewShot,48,4,5.0,"Glowing praise for food quality ('divine', 'moist, tender', 'pleasantly savory'), enthusiasm about portion size ('HUGE'), explicit satisfaction ('Very glad that I did'), and intent to continue patronizing implied by detailed experience",True,"{""predicted_stars"": 5, ""explanation"": ""Glowing praise for food quality ('divine', 'moist, tender', 'pleasantly savory'), enthusiasm about portion size ('HUGE'), explicit satisfaction ('Very glad that I did'), and intent to continue patronizing implied by detailed experience""}"
Prompt_1_FewShot,49,1,,,False,Max retries exceeded
Prompt_1_FewShot,50,1,,,False,Max retries exceeded
Prompt_1_FewShot,51,3,,,False,Max retries exceeded
Prompt_1_FewShot,52,4,,,False,Max retries exceeded
Prompt_1_FewShot,53,4,,,False,Max retries exceeded
Prompt_1_FewShot,54,4,,,False,Max retries exceeded
Prompt_1_FewShot,55,3,2.0,"Positive aspects (layout, view, supporting local) are outweighed by strong negatives: high prices, poor drink selection, uncertainty about concept, and explicit statement that changes are needed for a return visit",True,"{""predicted_stars"": 2, ""explanation"": ""Positive aspects (layout, view, supporting local) are outweighed by strong negatives: high prices, poor drink selection, uncertainty about concept, and explicit statement that changes are needed for a return visit""}"
Prompt_1_FewShot,56,5,,,False,Max retries exceeded
Prompt_1_FewShot,57,5,5.0,"Enthusiastic praise ('in love', 'super delicious'), positive value perception ('inexpensive'), specific enjoyment of toppings, and strong intent to return ('Can't wait to go back')",True,"{""predicted_stars"": 5, ""explanation"": ""Enthusiastic praise ('in love', 'super delicious'), positive value perception ('inexpensive'), specific enjoyment of toppings, and strong intent to return ('Can't wait to go back')""}"
Prompt_1_FewShot,58,5,5.0,"Repeated praise ('never been disappointed', 'excellent', 'favorite'), loyalty ('tried everything...more than once'), and positive service comments ('friendly and with a smile')",True,"{""predicted_stars"": 5, ""explanation"": ""Repeated praise ('never been disappointed', 'excellent', 'favorite'), loyalty ('tried everything...more than once'), and positive service comments ('friendly and with a smile')""}"
Prompt_1_FewShot,59,1,,,False,Max retries exceeded
Prompt_1_FewShot,60,2,2.0,"Negative experience due to incorrect hours and closed store, inconvenience emphasized, no positive remarks",True,"{""predicted_stars"": 2, ""explanation"": ""Negative experience due to incorrect hours and closed store, inconvenience emphasized, no positive remarks""}"
Prompt_1_FewShot,61,2,2.0,"Multiple specific complaints about food quality, explicit statement of not returning, but not the harshest possible tone",True,"{""predicted_stars"": 2, ""explanation"": ""Multiple specific complaints about food quality, explicit statement of not returning, but not the harshest possible tone""}"
Prompt_1_FewShot,62,4,4.0,"Enthusiastic endorsement for its niche as a dive bar, praises atmosphere, service, and amenities, while acknowledging minor drawbacks like worn facilities and average food",True,"{""predicted_stars"": 4, ""explanation"": ""Enthusiastic endorsement for its niche as a dive bar, praises atmosphere, service, and amenities, while acknowledging minor drawbacks like worn facilities and average food""}"
Prompt_1_FewShot,63,3,2.0,"Tone is mildly negative, criticizes location-specific issues (traffic, parking), implies disappointment with lack of upscale features, and states preference for driving farther to avoid this location",True,"{""predicted_stars"": 2, ""explanation"": ""Tone is mildly negative, criticizes location-specific issues (traffic, parking), implies disappointment with lack of upscale features, and states preference for driving farther to avoid this location""}"
Prompt_1_FewShot,64,4,4.0,"Strong praise for food quality and value, explicit intent to return, but one-star deduction explicitly stated due to dirty dining room conditions",True,"{""predicted_stars"": 4, ""explanation"": ""Strong praise for food quality and value, explicit intent to return, but one-star deduction explicitly stated due to dirty dining room conditions""}"
Prompt_1_FewShot,65,2,2.0,"Overall disappointment despite some positives ('cool concept', 'great crust', 'better than Pizza Hut'). Multiple specific complaints about food quality ('lacking soul', 'too salty/soggy/rich', 'gelato from squeeze tube'). Tone is let-down rather than angry, but clearly unsatisfied.",True,"{""predicted_stars"": 2, ""explanation"": ""Overall disappointment despite some positives ('cool concept', 'great crust', 'better than Pizza Hut'). Multiple specific complaints about food quality ('lacking soul', 'too salty/soggy/rich', 'gelato from squeeze tube'). Tone is let-down rather than angry, but clearly unsatisfied.""}"
Prompt_1_FewShot,66,5,5.0,"Enthusiastic praise ('WOW', 'WONDERFUL!!!!!', 'BEST'), specific dish compliments, intent to return ('Must make this one of our usual stops')",True,"{""predicted_stars"": 5, ""explanation"": ""Enthusiastic praise ('WOW', 'WONDERFUL!!!!!', 'BEST'), specific dish compliments, intent to return ('Must make this one of our usual stops')""}"
Prompt_1_FewShot,67,5,5.0,"Enthusiastic praise ('Favorite Pho'), positive food description ('Great, tender meat'), intent to return ('I'll have to try that sometime soon'), friendly tone ('Nom nom', 'See ya there')",True,"{""predicted_stars"": 5, ""explanation"": ""Enthusiastic praise ('Favorite Pho'), positive food description ('Great, tender meat'), intent to return ('I'll have to try that sometime soon'), friendly tone ('Nom nom', 'See ya there')""}"
Prompt_1_FewShot,68,2,2.0,"Negative tone, specific complaints about food quality, no positive remarks",True,"{""predicted_stars"": 2, ""explanation"": ""Negative tone, specific complaints about food quality, no positive remarks""}"
Prompt_1_FewShot,69,4,5.0,"Overwhelmingly positive tone, repeated praise ('great time', 'so cool', 'tasty', 'awesome'), intent to return, only minor criticism about calamari preference not quality",True,"{""predicted_stars"": 5, ""explanation"": ""Overwhelmingly positive tone, repeated praise ('great time', 'so cool', 'tasty', 'awesome'), intent to return, only minor criticism about calamari preference not quality""}"
Prompt_1_FewShot,70,3,3.0,"Explicitly states 3 stars, mixed sentiment—praises the veggie sandwich but criticizes slow service and crowds, provides workarounds rather than overall praise or complaint",True,"{""predicted_stars"": 3, ""explanation"": ""Explicitly states 3 stars, mixed sentiment—praises the veggie sandwich but criticizes slow service and crowds, provides workarounds rather than overall praise or complaint""}"
Prompt_1_FewShot,71,2,2.0,"Strong negative sentiment, explicit decline in quality, sarcastic name suggestion indicating disappointment",True,"{""predicted_stars"": 2, ""explanation"": ""Strong negative sentiment, explicit decline in quality, sarcastic name suggestion indicating disappointment""}"
Prompt_1_FewShot,72,5,4.0,"Enthusiastic praise ('doesn't get any better', 'truly unique', 'very good flavoring'), detailed positive description, explicit recommendation, minor drawback noted (small interior) but overall strong endorsement",True,"{""predicted_stars"": 4, ""explanation"": ""Enthusiastic praise ('doesn't get any better', 'truly unique', 'very good flavoring'), detailed positive description, explicit recommendation, minor drawback noted (small interior) but overall strong endorsement""}"
Prompt_1_FewShot,73,4,5.0,"Enthusiastic praise ('great', 'coolest', 'awesome', 'love'), personal affection, multiple specific positives, intent to return implied",True,"{""predicted_stars"": 5, ""explanation"": ""Enthusiastic praise ('great', 'coolest', 'awesome', 'love'), personal affection, multiple specific positives, intent to return implied""}"
Prompt_1_FewShot,74,3,2.0,"Positive about atmosphere and service, but strong dissatisfaction with value ('not worth the price') and explicit statement of not returning",True,"{""predicted_stars"": 2, ""explanation"": ""Positive about atmosphere and service, but strong dissatisfaction with value ('not worth the price') and explicit statement of not returning""}"
Prompt_1_FewShot,75,5,5.0,"Enthusiastic praise ('terrific experience'), highlights ease and community benefit, strong positive sentiment ('Such great people')",True,"{""predicted_stars"": 5, ""explanation"": ""Enthusiastic praise ('terrific experience'), highlights ease and community benefit, strong positive sentiment ('Such great people')""}"
Prompt_1_FewShot,76,2,2.0,"Repeated billing problems, reluctance to visit, only convenience keeps them coming, warning tone",True,"{""predicted_stars"": 2, ""explanation"": ""Repeated billing problems, reluctance to visit, only convenience keeps them coming, warning tone""}"
Prompt_1_FewShot,77,5,5.0,"Enthusiastic praise ('love love'), strong positive adjectives ('amazing', 'cute', 'artsy'), no complaints",True,"{""predicted_stars"": 5, ""explanation"": ""Enthusiastic praise ('love love'), strong positive adjectives ('amazing', 'cute', 'artsy'), no complaints""}"
Prompt_1_FewShot,78,3,4.0,"Overall positive tone, praise for atmosphere, salsa bar, mole taco, calabacitas, and partner's pork taco; only one item (carne asada) criticized, plus explicit intent to return",True,"{""predicted_stars"": 4, ""explanation"": ""Overall positive tone, praise for atmosphere, salsa bar, mole taco, calabacitas, and partner's pork taco; only one item (carne asada) criticized, plus explicit intent to return""}"
Prompt_1_FewShot,79,5,5.0,"Multiple dishes described as 'amazing', detailed praise for flavors and presentation, excellent service noted, and appreciation for drink variety all indicate a top-tier experience",True,"{""predicted_stars"": 5, ""explanation"": ""Multiple dishes described as 'amazing', detailed praise for flavors and presentation, excellent service noted, and appreciation for drink variety all indicate a top-tier experience""}"
Prompt_1_FewShot,80,4,5.0,"Enthusiastic praise ('Yum!', 'Delicious', 'wonderful', 'divine'), positive descriptors for food and atmosphere, no complaints",True,"{""predicted_stars"": 5, ""explanation"": ""Enthusiastic praise ('Yum!', 'Delicious', 'wonderful', 'divine'), positive descriptors for food and atmosphere, no complaints""}"
Prompt_1_FewShot,81,4,4.0,"Positive tone, praise for portion size and friendly staff, minor qualifier 'just good' keeps it from perfect",True,"{""predicted_stars"": 4, ""explanation"": ""Positive tone, praise for portion size and friendly staff, minor qualifier 'just good' keeps it from perfect""}"
Prompt_1_FewShot,82,4,4.0,"Overall positive tone with enthusiasm ('impressed', 'really good', 'fantastic', 'favorite'), intent to return ('next time'), and only minor critiques about soup and spring rolls lacking some flavor/ingredients",True,"{""predicted_stars"": 4, ""explanation"": ""Overall positive tone with enthusiasm ('impressed', 'really good', 'fantastic', 'favorite'), intent to return ('next time'), and only minor critiques about soup and spring rolls lacking some flavor/ingredients""}"
Prompt_1_FewShot,83,4,4.0,"Strongly positive tone, multiple compliments on atmosphere, staff, and coffee, but no 'amazing' or 'best ever' language that would push it to 5 stars",True,"{""predicted_stars"": 4, ""explanation"": ""Strongly positive tone, multiple compliments on atmosphere, staff, and coffee, but no 'amazing' or 'best ever' language that would push it to 5 stars""}"
Prompt_1_FewShot,84,4,,,False,Max retries exceeded
Prompt_1_FewShot,85,5,,,False,Max retries exceeded
Prompt_1_FewShot,86,5,5.0,"Superlative praise ('best barber shop I've ever been to'), contrast with past negative experiences, strong loyalty statement ('hard time looking elsewhere'), and admiration for attention to detail",True,"{""predicted_stars"": 5, ""explanation"": ""Superlative praise ('best barber shop I've ever been to'), contrast with past negative experiences, strong loyalty statement ('hard time looking elsewhere'), and admiration for attention to detail""}"
Prompt_1_FewShot,87,4,,,False,Max retries exceeded
Prompt_1_FewShot,88,4,4.0,"Positive nostalgic comparison to a well-regarded food scene, praise for freshness, no complaints mentioned",True,"{""predicted_stars"": 4, ""explanation"": ""Positive nostalgic comparison to a well-regarded food scene, praise for freshness, no complaints mentioned""}"
Prompt_1_FewShot,89,3,,,False,Max retries exceeded
Prompt_1_FewShot,90,4,,,False,Max retries exceeded
Prompt_1_FewShot,91,3,,,False,Max retries exceeded
Prompt_1_FewShot,92,3,2.0,Dismissing comparison to a casual chain implies disappointment and low value,True,"{""predicted_stars"": 2, ""explanation"": ""Dismissing comparison to a casual chain implies disappointment and low value""}"
Prompt_1_FewShot,93,5,,,False,Max retries exceeded
Prompt_1_FewShot,94,4,,,False,Max retries exceeded
Prompt_1_FewShot,95,5,5.0,"Extremely positive language ('amazing', 'far above expectations', 'huge and delicious'), explicit recommendation, no complaints",True,"{""predicted_stars"": 5, ""explanation"": ""Extremely positive language ('amazing', 'far above expectations', 'huge and delicious'), explicit recommendation, no complaints""}"
Prompt_1_FewShot,96,4,,,False,Max retries exceeded
Prompt_1_FewShot,97,4,,,False,Max retries exceeded
Prompt_1_FewShot,98,4,,,False,Max retries exceeded
Prompt_1_FewShot,99,2,,,False,Max retries exceeded
Prompt_1_FewShot,100,4,,,False,Max retries exceeded
Prompt_1_FewShot,101,5,,,False,Max retries exceeded
Prompt_1_FewShot,102,4,,,False,Max retries exceeded
Prompt_1_FewShot,103,4,,,False,Max retries exceeded
Prompt_1_FewShot,104,2,,,False,Max retries exceeded
Prompt_1_FewShot,105,3,3.0,"Strong praise for staff and anime value, but major complaint about discontinued D&D products; balanced positives and negatives land in the middle",True,"{""predicted_stars"": 3, ""explanation"": ""Strong praise for staff and anime value, but major complaint about discontinued D&D products; balanced positives and negatives land in the middle""}"
Prompt_1_FewShot,106,1,1.0,"Overwhelmingly negative tone, insults toward other patrons, explicit complaints about service ('slow indifferent'), food ('mediocre'), and wine ('dishwater'), plus intent to discourage others from visiting.",True,"{""predicted_stars"": 1, ""explanation"": ""Overwhelmingly negative tone, insults toward other patrons, explicit complaints about service ('slow indifferent'), food ('mediocre'), and wine ('dishwater'), plus intent to discourage others from visiting.""}"
Prompt_1_FewShot,107,2,,,False,Max retries exceeded
Prompt_1_FewShot,108,5,5.0,"Enthusiastic praise ('Love this place'), compliments on food quality and variety, positive service comment, and endorsement as a 'great little find'",True,"{""predicted_stars"": 5, ""explanation"": ""Enthusiastic praise ('Love this place'), compliments on food quality and variety, positive service comment, and endorsement as a 'great little find'""}"
Prompt_1_FewShot,109,5,,,False,Max retries exceeded
Prompt_1_FewShot,110,4,,,False,Max retries exceeded
Prompt_1_FewShot,111,4,,,False,Max retries exceeded
Prompt_1_FewShot,112,4,,,False,Max retries exceeded
Prompt_1_FewShot,113,3,,,False,Max retries exceeded
Prompt_1_FewShot,114,5,,,False,Max retries exceeded
Prompt_1_FewShot,115,4,,,False,Max retries exceeded
Prompt_1_FewShot,116,3,,,False,Max retries exceeded
Prompt_1_FewShot,117,1,,,False,Max retries exceeded
Prompt_1_FewShot,118,5,5.0,"Repeated enthusiastic praise ('LOVE love LOVE'), long-term loyalty, explicit disappointment about limited locations, detailed favorite items, and glowing staff description ('friendly, perky, and full of sunshine')",True,"{""predicted_stars"": 5, ""explanation"": ""Repeated enthusiastic praise ('LOVE love LOVE'), long-term loyalty, explicit disappointment about limited locations, detailed favorite items, and glowing staff description ('friendly, perky, and full of sunshine')""}"
Prompt_1_FewShot,119,3,,,False,Max retries exceeded
Prompt_1_FewShot,120,1,1.0,"Multiple strong complaints about service, staff competence, wait time, and food quality, plus explicit statement of never returning",True,"{""predicted_stars"": 1, ""explanation"": ""Multiple strong complaints about service, staff competence, wait time, and food quality, plus explicit statement of never returning""}"
Prompt_1_FewShot,121,5,5.0,"Enthusiastic praise ('Amazing', 'best around hands down'), specific menu favorites, positive descriptors for food and staff, strong endorsement",True,"{""predicted_stars"": 5, ""explanation"": ""Enthusiastic praise ('Amazing', 'best around hands down'), specific menu favorites, positive descriptors for food and staff, strong endorsement""}"
Prompt_1_FewShot,122,4,4.0,"Overall very positive experience with praise for prices, sake selection, staff, atmosphere, and intent to recommend; only minor complaint about lack of spice in sushi prevents a 5-star rating",True,"{""predicted_stars"": 4, ""explanation"": ""Overall very positive experience with praise for prices, sake selection, staff, atmosphere, and intent to recommend; only minor complaint about lack of spice in sushi prevents a 5-star rating""}"
Prompt_1_FewShot,123,4,4.0,"Reviewer explicitly states '4 stars', repeatedly praises cleanliness, speed, spaciousness, and gives detailed positive recommendation, but ties rating to comparison with other locations rather than absolute perfection",True,"{""predicted_stars"": 4, ""explanation"": ""Reviewer explicitly states '4 stars', repeatedly praises cleanliness, speed, spaciousness, and gives detailed positive recommendation, but ties rating to comparison with other locations rather than absolute perfection""}"
Prompt_1_FewShot,124,4,5.0,"Positive language ('Great place'), praise for pricing ('best around'), and appreciation for low crowding",True,"{""predicted_stars"": 5, ""explanation"": ""Positive language ('Great place'), praise for pricing ('best around'), and appreciation for low crowding""}"
Prompt_1_FewShot,125,4,4.0,"Overall positive tone, acknowledges minor service issues but dismisses them, praises food quality, local sourcing, specific menu items, and ends with confidence in customer satisfaction",True,"{""predicted_stars"": 4, ""explanation"": ""Overall positive tone, acknowledges minor service issues but dismisses them, praises food quality, local sourcing, specific menu items, and ends with confidence in customer satisfaction""}"
Prompt_1_FewShot,126,4,4.0,"Overall positive tone with praise for cleanliness, shopping, and food; minor complaints about walking distance, security machines, and shuttle time don't outweigh the positives",True,"{""predicted_stars"": 4, ""explanation"": ""Overall positive tone with praise for cleanliness, shopping, and food; minor complaints about walking distance, security machines, and shuttle time don't outweigh the positives""}"
Prompt_1_FewShot,127,4,5.0,"Enthusiastic storytelling, vivid excitement ('holy mecca of cupcake land', 'psyched'), praise for helpful staff, intent to return implied by detailed experience and mini-cupcake interest",True,"{""predicted_stars"": 5, ""explanation"": ""Enthusiastic storytelling, vivid excitement ('holy mecca of cupcake land', 'psyched'), praise for helpful staff, intent to return implied by detailed experience and mini-cupcake interest""}"
Prompt_1_FewShot,128,5,5.0,"Glowing praise for the theater's unique value, gratitude to the owner, emphasis on cultural importance and personal appreciation",True,"{""predicted_stars"": 5, ""explanation"": ""Glowing praise for the theater's unique value, gratitude to the owner, emphasis on cultural importance and personal appreciation""}"
Prompt_1_FewShot,129,4,5.0,"Enthusiastic praise throughout ('exceeded my expectations', 'outstanding', 'very impressed', 'Muy delicious'), intent to return ('fun place to hang out'), detailed positive descriptions of food quality and freshness, and appreciation for atmosphere and value.",True,"{""predicted_stars"": 5, ""explanation"": ""Enthusiastic praise throughout ('exceeded my expectations', 'outstanding', 'very impressed', 'Muy delicious'), intent to return ('fun place to hang out'), detailed positive descriptions of food quality and freshness, and appreciation for atmosphere and value.""}"
Prompt_1_FewShot,130,3,3.0,"Mixed tone with both positive (fun night, good service) and negative (bad pancakes, drunk crowd), overall neutral impression",True,"{""predicted_stars"": 3, ""explanation"": ""Mixed tone with both positive (fun night, good service) and negative (bad pancakes, drunk crowd), overall neutral impression""}"
Prompt_1_FewShot,131,4,4.0,"Overall very positive tone with praise for beer selection, crab cakes, and atmosphere; only minor complaint about music, strong intent to return",True,"{""predicted_stars"": 4, ""explanation"": ""Overall very positive tone with praise for beer selection, crab cakes, and atmosphere; only minor complaint about music, strong intent to return""}"
Prompt_1_FewShot,132,3,4.0,"Overall positive tone despite minor criticisms; praises staff, convenience, and amenities, with only small suggestions for improvement",True,"{""predicted_stars"": 4, ""explanation"": ""Overall positive tone despite minor criticisms; praises staff, convenience, and amenities, with only small suggestions for improvement""}"
Prompt_1_FewShot,133,4,4.0,"Strongly positive tone, praise for food quality, value, and atmosphere, but explicitly withholds 5 stars until more dishes are tried",True,"{""predicted_stars"": 4, ""explanation"": ""Strongly positive tone, praise for food quality, value, and atmosphere, but explicitly withholds 5 stars until more dishes are tried""}"
Prompt_1_FewShot,134,5,5.0,"Enthusiastic praise ('Love Belly Rubz!!'), relief over dog's positive experience, intent to return ('We will be returning'), and overall satisfaction with both playtime and grooming results",True,"{""predicted_stars"": 5, ""explanation"": ""Enthusiastic praise ('Love Belly Rubz!!'), relief over dog's positive experience, intent to return ('We will be returning'), and overall satisfaction with both playtime and grooming results""}"
Prompt_1_FewShot,135,5,5.0,"Overwhelmingly positive language ('fantastic', 'great', 'superior', 'delish'), detailed praise for food quality, service, and atmosphere, explicit intent to return",True,"{""predicted_stars"": 5, ""explanation"": ""Overwhelmingly positive language ('fantastic', 'great', 'superior', 'delish'), detailed praise for food quality, service, and atmosphere, explicit intent to return""}"
Prompt_1_FewShot,136,4,3.0,"Mixed feedback: dinner 'good' but lacking flavor, brunch 'great' and 'very good', service described negatively as 'uninterested' and 'angst'. Overall tone leans positive but service complaint balances it to middle rating",True,"{""predicted_stars"": 3, ""explanation"": ""Mixed feedback: dinner 'good' but lacking flavor, brunch 'great' and 'very good', service described negatively as 'uninterested' and 'angst'. Overall tone leans positive but service complaint balances it to middle rating""}"
Prompt_1_FewShot,137,3,4.0,"Overall positive tone, describes course as 'great', 'fun', 'fantastic view', and 'great place'; minor caveats about it being a local course rather than destination, but strong personal endorsement and praise for food and scenery",True,"{""predicted_stars"": 4, ""explanation"": ""Overall positive tone, describes course as 'great', 'fun', 'fantastic view', and 'great place'; minor caveats about it being a local course rather than destination, but strong personal endorsement and praise for food and scenery""}"
Prompt_1_FewShot,138,4,4.0,"Strong praise for food quality and intent to return, but explicit 1-star deduction for lighting and butter/Parmesan issues",True,"{""predicted_stars"": 4, ""explanation"": ""Strong praise for food quality and intent to return, but explicit 1-star deduction for lighting and butter/Parmesan issues""}"
Prompt_1_FewShot,139,4,,,False,Max retries exceeded
Prompt_1_FewShot,140,1,2.0,"Predominantly negative tone with repeated price complaints, 'simply ok' food, and explicit advice to 'take your money elsewhere', tempered only by acknowledging it might suit families with children",True,"{""predicted_stars"": 2, ""explanation"": ""Predominantly negative tone with repeated price complaints, 'simply ok' food, and explicit advice to 'take your money elsewhere', tempered only by acknowledging it might suit families with children""}"
Prompt_1_FewShot,141,5,5.0,"Extremely enthusiastic tone, repeated praise ('yum yum yum', 'at the top of my list', 'the bomb'), frequent patronage (30+ visits), multiple specific positives (fresh chips, great specials, kids eat free), and strong recommendation of favorite dish",True,"{""predicted_stars"": 5, ""explanation"": ""Extremely enthusiastic tone, repeated praise ('yum yum yum', 'at the top of my list', 'the bomb'), frequent patronage (30+ visits), multiple specific positives (fresh chips, great specials, kids eat free), and strong recommendation of favorite dish""}"
Prompt_1_FewShot,142,4,,,False,Max retries exceeded
Prompt_1_FewShot,143,4,,,False,Max retries exceeded
Prompt_1_FewShot,144,3,,,False,Max retries exceeded
Prompt_1_FewShot,145,5,5.0,"Enthusiastic praise ('so freaking good', 'absolutely delicious'), compliments on drinks, service, and food, strong positive emotion ('Love everything'), desire to return implied by wishing to live closer",True,"{""predicted_stars"": 5, ""explanation"": ""Enthusiastic praise ('so freaking good', 'absolutely delicious'), compliments on drinks, service, and food, strong positive emotion ('Love everything'), desire to return implied by wishing to live closer""}"
Prompt_1_FewShot,146,5,,,False,Max retries exceeded
Prompt_1_FewShot,147,4,,,False,Max retries exceeded
Prompt_1_FewShot,148,4,,,False,Max retries exceeded
Prompt_1_FewShot,149,3,,,False,Max retries exceeded
Prompt_1_FewShot,150,4,,,False,Max retries exceeded
Prompt_1_FewShot,151,5,,,False,Max retries exceeded
Prompt_1_FewShot,152,5,,,False,Max retries exceeded
Prompt_1_FewShot,153,4,,,False,Max retries exceeded
Prompt_1_FewShot,154,2,,,False,Max retries exceeded
Prompt_1_FewShot,155,5,,,False,Max retries exceeded
Prompt_1_FewShot,156,4,4.0,"Positive tone, praise for food quality and atmosphere, minor quibble about location but overall strong endorsement",True,"{""predicted_stars"": 4, ""explanation"": ""Positive tone, praise for food quality and atmosphere, minor quibble about location but overall strong endorsement""}"
Prompt_1_FewShot,157,1,1.0,"Extremely negative language ('Disgusting'), criticism of decor, food described as 'pretty bad' and 'no flavor', accusation of fake reviews",True,"{""predicted_stars"": 1, ""explanation"": ""Extremely negative language ('Disgusting'), criticism of decor, food described as 'pretty bad' and 'no flavor', accusation of fake reviews""}"
Prompt_1_FewShot,158,2,,,False,Max retries exceeded
Prompt_1_FewShot,159,3,,,False,Max retries exceeded
Prompt_1_FewShot,160,4,5.0,"Consistently positive descriptors ('reliably good', 'great', 'fabulous', 'outstanding'), enthusiasm for multiple offerings, and explicit exception to usual dislike of chains all point to a top rating.",True,"{""predicted_stars"": 5, ""explanation"": ""Consistently positive descriptors ('reliably good', 'great', 'fabulous', 'outstanding'), enthusiasm for multiple offerings, and explicit exception to usual dislike of chains all point to a top rating.""}"
Prompt_1_FewShot,161,2,,,False,Max retries exceeded
Prompt_1_FewShot,162,1,,,False,Max retries exceeded
Prompt_1_FewShot,163,4,,,False,Max retries exceeded
Prompt_1_FewShot,164,4,,,False,Max retries exceeded
Prompt_1_FewShot,165,5,,,False,Max retries exceeded
Prompt_1_FewShot,166,4,5.0,"Enthusiastic praise about freshness, declares it 'number one sub place', clear intent to return",True,"{""predicted_stars"": 5, ""explanation"": ""Enthusiastic praise about freshness, declares it 'number one sub place', clear intent to return""}"
Prompt_1_FewShot,167,4,4.0,"Positive tone, year-long patronage, consistent satisfaction with food, minor caveat about heat level still framed positively",True,"{""predicted_stars"": 4, ""explanation"": ""Positive tone, year-long patronage, consistent satisfaction with food, minor caveat about heat level still framed positively""}"
Prompt_1_FewShot,168,4,,,False,Max retries exceeded
Prompt_1_FewShot,169,4,,,False,Max retries exceeded
Prompt_1_FewShot,170,3,,,False,Max retries exceeded
Prompt_1_FewShot,171,3,,,False,Max retries exceeded
Prompt_1_FewShot,172,4,,,False,Max retries exceeded
Prompt_1_FewShot,173,5,,,False,Max retries exceeded
Prompt_1_FewShot,174,5,,,False,Max retries exceeded
Prompt_1_FewShot,175,4,,,False,Max retries exceeded
Prompt_1_FewShot,176,3,2.0,"Negative tone focused on pricing, 'just ok' food, 'outrageous' cost indicates strong dissatisfaction",True,"{""predicted_stars"": 2, ""explanation"": ""Negative tone focused on pricing, 'just ok' food, 'outrageous' cost indicates strong dissatisfaction""}"
Prompt_1_FewShot,177,1,,,False,Max retries exceeded
Prompt_1_FewShot,178,3,,,False,Max retries exceeded
Prompt_1_FewShot,179,4,4.0,"Positive tone with enjoyment of food and setting, minor enthusiasm but not extreme praise",True,"{""predicted_stars"": 4, ""explanation"": ""Positive tone with enjoyment of food and setting, minor enthusiasm but not extreme praise""}"
Prompt_1_FewShot,180,3,5.0,"All positive bullet points, enthusiastic tone with 'YUMMIE' in caps, no complaints mentioned",True,"{""predicted_stars"": 5, ""explanation"": ""All positive bullet points, enthusiastic tone with 'YUMMIE' in caps, no complaints mentioned""}"
Prompt_1_FewShot,181,5,5.0,"Glowing praise throughout ('top notch service', 'amazing prices', 'really love this place'), explicit loyalty ('will not look for another hair place'), multiple positive experiences, and strong recommendation",True,"{""predicted_stars"": 5, ""explanation"": ""Glowing praise throughout ('top notch service', 'amazing prices', 'really love this place'), explicit loyalty ('will not look for another hair place'), multiple positive experiences, and strong recommendation""}"
Prompt_1_FewShot,182,5,5.0,"Explicitly states '5 stars' for happy hour, enthusiastic praise for value and selection, only minor complaint about fish chili and parking validation",True,"{""predicted_stars"": 5, ""explanation"": ""Explicitly states '5 stars' for happy hour, enthusiastic praise for value and selection, only minor complaint about fish chili and parking validation""}"
Prompt_1_FewShot,183,5,5.0,"Extremely enthusiastic praise, repeated cravings and intent to return, strong positive language ('to DIE for', 'died and gone to heaven'), explicit recommendation to others",True,"{""predicted_stars"": 5, ""explanation"": ""Extremely enthusiastic praise, repeated cravings and intent to return, strong positive language ('to DIE for', 'died and gone to heaven'), explicit recommendation to others""}"
Prompt_1_FewShot,184,4,4.0,"Positive tone, praise for food quality ('very tasty'), intent to return, only minor complaint about slow service which is excused due to crowd",True,"{""predicted_stars"": 4, ""explanation"": ""Positive tone, praise for food quality ('very tasty'), intent to return, only minor complaint about slow service which is excused due to crowd""}"
Prompt_1_FewShot,185,2,2.0,"Negative tone ('not exactly what I would call great'), limited praise restricted to a narrow use-case (teenagers, shakes/ice cream)",True,"{""predicted_stars"": 2, ""explanation"": ""Negative tone ('not exactly what I would call great'), limited praise restricted to a narrow use-case (teenagers, shakes/ice cream)""}"
Prompt_1_FewShot,186,4,4.0,"Overwhelmingly positive tone with multiple exclamation points, praise for drinks, food, and atmosphere, and clear intent to return; one minor negative about a creepy patron, but framed as an isolated incident that won't deter future visits",True,"{""predicted_stars"": 4, ""explanation"": ""Overwhelmingly positive tone with multiple exclamation points, praise for drinks, food, and atmosphere, and clear intent to return; one minor negative about a creepy patron, but framed as an isolated incident that won't deter future visits""}"
Prompt_1_FewShot,187,3,3.0,"Mixed feedback with both likes (pita, fire feta, tea) and dislikes (salad, rice, tzatziki), overall tone is lukewarm ('pretty good', 'decent'), and conditional return intent ('I'll be back when I'm in the 'hood')",True,"{""predicted_stars"": 3, ""explanation"": ""Mixed feedback with both likes (pita, fire feta, tea) and dislikes (salad, rice, tzatziki), overall tone is lukewarm ('pretty good', 'decent'), and conditional return intent ('I'll be back when I'm in the 'hood')""}"
Prompt_1_FewShot,188,5,5.0,"Enthusiastic praise ('awesome', 'delicious'), mention of free extras, unique positive experience, and strong anticipation for return",True,"{""predicted_stars"": 5, ""explanation"": ""Enthusiastic praise ('awesome', 'delicious'), mention of free extras, unique positive experience, and strong anticipation for return""}"
Prompt_1_FewShot,189,5,5.0,"Enthusiastic tone, praise for quality and freshness, explicit recommendation to try, positive value assessment",True,"{""predicted_stars"": 5, ""explanation"": ""Enthusiastic tone, praise for quality and freshness, explicit recommendation to try, positive value assessment""}"
Prompt_1_FewShot,190,3,3.0,"Mixed sentiment: service and atmosphere praised enthusiastically (5-star level), but main dishes described as 'bland' and 'salty', with explicit preference for higher-end steakhouses; overall experience averages to middle rating",True,"{""predicted_stars"": 3, ""explanation"": ""Mixed sentiment: service and atmosphere praised enthusiastically (5-star level), but main dishes described as 'bland' and 'salty', with explicit preference for higher-end steakhouses; overall experience averages to middle rating""}"
Prompt_1_FewShot,191,4,5.0,"Enthusiastic praise ('outstanding', 'amazing', 'delicious', 'tasty'), explicit recommendation, and strong intent to return",True,"{""predicted_stars"": 5, ""explanation"": ""Enthusiastic praise ('outstanding', 'amazing', 'delicious', 'tasty'), explicit recommendation, and strong intent to return""}"
Prompt_1_FewShot,192,5,5.0,"Enthusiastic praise ('best workout I've ever had'), strong intent to return ('FOR SURE'), positive memory years later",True,"{""predicted_stars"": 5, ""explanation"": ""Enthusiastic praise ('best workout I've ever had'), strong intent to return ('FOR SURE'), positive memory years later""}"
Prompt_1_FewShot,193,3,4.0,"Consistently positive comments about coffee and food ('pretty solid', 'a win', 'cute little box'), but slight reservation about atmosphere prevents 5 stars",True,"{""predicted_stars"": 4, ""explanation"": ""Consistently positive comments about coffee and food ('pretty solid', 'a win', 'cute little box'), but slight reservation about atmosphere prevents 5 stars""}"
Prompt_1_FewShot,194,5,5.0,"Enthusiastic praise ('Love this place!', 'Fantastic drinks and goodies!!'), positive tone, strong endorsement",True,"{""predicted_stars"": 5, ""explanation"": ""Enthusiastic praise ('Love this place!', 'Fantastic drinks and goodies!!'), positive tone, strong endorsement""}"
Prompt_1_FewShot,195,4,4.0,"Positive enthusiasm for products ('hooked', 'so cool', 'amazed') but slight reservation about high price keeps it from perfect 5-star praise",True,"{""predicted_stars"": 4, ""explanation"": ""Positive enthusiasm for products ('hooked', 'so cool', 'amazed') but slight reservation about high price keeps it from perfect 5-star praise""}"
Prompt_1_FewShot,196,4,5.0,"Glowing praise throughout, explicit preference over competitor, highlights superior menu variety, affordability, and food quality, strong endorsement",True,"{""predicted_stars"": 5, ""explanation"": ""Glowing praise throughout, explicit preference over competitor, highlights superior menu variety, affordability, and food quality, strong endorsement""}"
Prompt_1_FewShot,197,3,4.0,"Strong praise for authenticity and generous portions, clear recommendation, but docked one star for weak margaritas and dessert",True,"{""predicted_stars"": 4, ""explanation"": ""Strong praise for authenticity and generous portions, clear recommendation, but docked one star for weak margaritas and dessert""}"
Prompt_1_FewShot,198,4,5.0,"Enthusiastic praise ('Very good food!'), appreciation for service (split tacos, no charge), positive comments on portions and friendly server, explicit intent to return",True,"{""predicted_stars"": 5, ""explanation"": ""Enthusiastic praise ('Very good food!'), appreciation for service (split tacos, no charge), positive comments on portions and friendly server, explicit intent to return""}"
Prompt_1_FewShot,199,5,5.0,"Glowing praise throughout, calls the place 'fantastic', expresses regret for not visiting sooner, highlights multiple positives (bread, salads, wine selection), and states intent to return frequently",True,"{""predicted_stars"": 5, ""explanation"": ""Glowing praise throughout, calls the place 'fantastic', expresses regret for not visiting sooner, highlights multiple positives (bread, salads, wine selection), and states intent to return frequently""}"
